{"cameraMode":{"drawMode":0,"name":"Shaded","section":"Shading Mode"},"sceneLighting":true,"audioPlay":false,"sceneViewState":{"m_AlwaysRefresh":false,"showFog":true,"showSkybox":true,"showFlares":true,"showImageEffects":true,"showParticleSystems":true,"showVisualEffectGraphs":true,"m_FxEnabled":true},"in2DMode":false,"pivot":{"x":13.885820388793946,"y":1.1825387477874756,"z":1.6143771409988404},"rotation":{"x":0.09800722450017929,"y":0.41976404190063479,"z":-0.04563206806778908,"w":0.9012798070907593},"size":6.307395935058594,"orthographic":false}