{"cameraMode":{"drawMode":0,"name":"Shaded","section":"Shading Mode"},"sceneLighting":true,"audioPlay":false,"sceneViewState":{"m_AlwaysRefresh":false,"showFog":true,"showSkybox":true,"showFlares":true,"showImageEffects":true,"showParticleSystems":true,"showVisualEffectGraphs":true,"m_FxEnabled":true},"in2DMode":false,"pivot":{"x":1.3768713474273682,"y":2.8709330558776857,"z":-3.955000162124634},"rotation":{"x":0.2479667365550995,"y":0.3623344302177429,"z":-0.10062427818775177,"w":0.8928404450416565},"size":2.4790313243865969,"orthographic":false}