{"cameraMode":{"drawMode":0,"name":"Shaded","section":"Shading Mode"},"sceneLighting":false,"audioPlay":false,"sceneViewState":{"m_AlwaysRefresh":false,"showFog":true,"showSkybox":false,"showFlares":true,"showImageEffects":true,"showParticleSystems":true,"showVisualEffectGraphs":true,"m_FxEnabled":true},"in2DMode":false,"pivot":{"x":8.286542892456055,"y":2.7395448684692385,"z":12.206209182739258},"rotation":{"x":0.17643390595912934,"y":0.28483685851097109,"z":-0.053418610244989398,"w":0.9407101273536682},"size":4.5007171630859379,"orthographic":false}