{"cameraMode":{"drawMode":0,"name":"Shaded","section":"Shading Mode"},"sceneLighting":false,"audioPlay":false,"sceneViewState":{"m_AlwaysRefresh":false,"showFog":true,"showSkybox":false,"showFlares":true,"showImageEffects":true,"showParticleSystems":true,"showVisualEffectGraphs":true,"m_FxEnabled":true},"in2DMode":false,"pivot":{"x":-2.312747001647949,"y":2.097294330596924,"z":3.8171322345733644},"rotation":{"x":-0.25530797243118288,"y":0.03595741093158722,"z":-0.009520321153104306,"w":-0.9662930965423584},"size":1.1755082607269288,"orthographic":false}