{"cameraMode":{"drawMode":0,"name":"Shaded","section":"Shading Mode"},"sceneLighting":false,"audioPlay":false,"sceneViewState":{"m_AlwaysRefresh":false,"showFog":true,"showSkybox":false,"showFlares":true,"showImageEffects":true,"showParticleSystems":true,"showVisualEffectGraphs":true,"m_FxEnabled":true},"in2DMode":false,"pivot":{"x":11.122167587280274,"y":2.866955041885376,"z":14.226118087768555},"rotation":{"x":0.16910172998905183,"y":0.43643197417259219,"z":-0.08388488739728928,"w":0.8797435164451599},"size":5.119061470031738,"orthographic":false}