{"cameraMode":{"drawMode":0,"name":"Shaded","section":"Shading Mode"},"sceneLighting":false,"audioPlay":false,"sceneViewState":{"m_AlwaysRefresh":false,"showFog":true,"showSkybox":false,"showFlares":true,"showImageEffects":true,"showParticleSystems":true,"showVisualEffectGraphs":true,"m_FxEnabled":true},"in2DMode":false,"pivot":{"x":-0.06687390804290772,"y":-0.041999995708465579,"z":4.238999843597412},"rotation":{"x":-0.07528632134199143,"y":0.8617708683013916,"z":-0.13421303033828736,"w":-0.4834021031856537},"size":1.2866572141647339,"orthographic":false}